SNP,Chromosome,Position,Position_G
2_19762,VU01,37588701,63180042698
2_50704,VU01,38345036,67396421783
2_07286,VU01,38953729,70490999329
2_47231,VU02,14292146,88758016112
2_09625,VU02,20857395,99405950427
2_34525,VU03,849111,147828740085
2_14781,VU03,981635,147848810679
2_16817,VU03,1232474,147898130694
2_05887,VU03,1245020,147904334781
2_30401,VU03,1256603,147909348891
2_32612,VU03,1947673,148079135839
2_25471,VU03,2038685,148114989628
2_55090,VU03,2039673,148117029301
2_01671,VU03,2137484,148158779045
2_21722,VU03,2162577,148169542026
2_32844,VU03,2166076,148171708102
2_01756,VU03,2212521,148187021504
2_01757,VU03,2213123,148189234627
2_26016,VU03,2223359,148193679103
2_08642,VU03,2243612,148211550387
2_52190,VU03,16981309,166074162569
2_50600,VU03,45539798,226293821629
2_08695,VU03,51400648,245192023636
2_08697,VU03,51404110,245243427746
2_05100,VU03,51418693,245449087902
2_05101,VU03,51419219,245500507121
2_43388,VU03,51444394,245603392720
2_08497,VU03,51450779,245654843499
2_34695,VU03,51540012,245860845936
2_40922,VU03,51562014,246067047979
2_09575,VU03,51779966,246325516580
2_26775,VU03,51936362,247518243271
2_20731,VU03,52000199,247882012517
2_39141,VU03,52077462,248246326307
2_17188,VU03,52083646,248298409953
2_31453,VU03,52142240,248611114871
2_29499,VU03,52931236,252438748108
2_33568,VU03,55716927,269697102043
2_23051,VU03,59879829,293923349370
2_14347,VU04,3483218,340271804029
2_02621,VU04,15619363,347685764632
2_25894,VU04,39757606,393595590481
2_42023,VU05,1305585,405796167466
2_50956,VU05,1457971,405839126971
2_01045,VU05,1527920,405866025614
2_16867,VU05,1546128,405870644573
2_07617,VU05,1783613,405948999728
2_13450,VU05,2097862,406060480829
2_32464,VU05,2102658,406068885979
2_40217,VU05,2129217,406083708573
2_19812,VU05,2157306,406094436392
2_21895,VU05,2166583,406098760874
2_06877,VU05,2178357,406111804412
2_21848,VU05,2230453,406131686513
2_30459,VU05,2314952,406195529226
2_31410,VU05,2329672,406204829246
2_31973,VU05,2338261,406209499542
2_18880,VU05,2762539,406383234444
2_40348,VU05,3192252,406626553158
2_08777,VU05,4353210,407208061446
2_41898,VU05,8531536,409702117117
2_51069,VU05,37571053,439244637590
2_08022,VU05,39230104,442336073710
2_28657,VU05,40216891,445009896603
2_01201,VU05,42454861,453274993359
2_22058,VU06,1075171,484945208240
2_38025,VU06,19605651,498805756066
2_25012,VU06,19611359,498825367425
2_52738,VU06,19633442,498864612606
2_07078,VU06,19698161,498923593604
2_28930,VU06,19715280,498943308884
2_28931,VU06,19716179,498963025063
2_28932,VU06,19716544,498982741607
2_11768,VU06,19717409,499002459016
2_30192,VU06,19718461,499022177477
2_10170,VU06,19729624,499041907101
2_10171,VU06,19730866,499061637967
2_00567,VU06,19760364,499120905433
2_18073,VU06,19765359,499180200084
2_25206,VU06,19768654,499219737024
2_53399,VU06,22864271,507109332940
2_07358,VU06,32476947,550399267312
2_11187,VU07,36036293,633955380970
2_54557,VU08,5760863,673558794384
2_35068,VU08,20713021,682040627775
2_13819,VU08,21705264,682971545842
2_50483,VU08,23709814,683509683948
2_39422,VU08,23740165,683580887124
2_31009,VU08,23754774,683628396513
2_47320,VU08,32552059,708810971729
2_26903,VU08,33600788,712921570972
2_27144,VU08,36984438,734165355178
2_03097,VU08,37187867,735649298531
2_03096,VU08,37188634,735686487165
2_02244,VU08,37626075,738936654035
2_32728,VU08,37694097,739350933541
2_17605,VU08,37710852,739690278730
2_02628,VU09,8735356,747856185669
2_04574,VU09,31438727,778651561175
2_48290,VU10,2892780,820162116613
2_41504,VU10,23559066,835245309952
2_18544,VU10,29171362,845061182906
2_45121,VU10,29258394,845178082055
2_42977,VU10,29281392,845265886189
2_50509,VU10,29351777,845471166219
2_09485,VU10,29388800,845588667479
2_52225,VU10,30209807,847075145141
2_17801,VU10,33240385,856101974889
2_24784,VU10,34158765,860211798521
2_08400,VU10,35932948,864920336175
2_21957,VU10,35971966,865100059598
2_48989,VU11,24104542,912205501827
2_41753,VU11,24148832,912302012671
2_05555,VU11,38524880,962983351882
2_32658,VU11,38524908,963021876790
2_20373,VU11,38531072,963098938656
2_33799,VU11,38541491,963176017847
2_32743,VU11,38555786,963291670416
2_28551,VU11,38568662,963368807403
2_50954,VU11,38665126,964063886971
1_1208,VU11,38822042,964916346817
2_31363,VU11,38832150,964994002011
1_1347,VU11,39619018,970049683746
2_04348,VU11,39683268,971041259075
2_20619,VU11,39703971,971200028905
2_32894,VU11,39723788,971358878698
2_28855,VU11,39724278,971398602976
2_28897,VU11,39824315,971995280450
2_52209,VU11,39843078,972114786333
2_06178,VU11,39858306,972194495008
2_24559,VU11,39901436,972513577239
2_00301,VU11,39904974,972553482213
2_15454,VU11,39908676,972593390889
2_28512,VU12,433000,980232331002
2_42922,VU12,766000,980409651002
2_48486,VU12,927000,980539249002
