"method_phenotype","SNP","Chromosome","Position","P.value","neg_log10p","Trait","Chromosome_max","Chromosome_max_Genome","Position_G","mta","last_threshold","max_neg_log10p","psnp"
"BLINK_density","2_07286","VU01",38953729,3.16663946775461e-07,6.49940137965865,NA,42041330,42041330,38953729,"sig","2_07286",6.49940137965865,"psnp"
"BLINK_density","2_13819","VU08",21705264,3.98653459293212e-09,8.39940446298807,NA,38287481,346064295,329482078,"sig","2_13819",8.39940446298807,"psnp"
"BLINK_density","2_27144","VU08",36984438,1.7853934213866e-11,10.7482660697978,NA,38287481,346064295,344761252,"sig","2_27144",10.7482660697978,"psnp"
"BLINK_density","2_32728","VU08",37694097,5.5183870001428e-07,6.25818784605818,NA,38287481,346064295,345470911,"sig","2_32728",6.25818784605818,"psnp"
"BLINK_density","2_48290","VU10",2892780,6.40140029046943e-07,6.193725014781,NA,41314586,431229157,392807351,"sig","2_48290",6.193725014781,"psnp"
"BLINK_length","2_05101","VU03",51419219,4.351708302422e-07,6.36134022334991,NA,65242470,141159743,127336492,"sig","2_05101",6.36134022334991,"psnp"
"BLINK_length","2_01201","VU05",42454861,2.84530502250338e-07,6.54587116951871,NA,48686841,232533013,226301033,"sig","2_01201",6.54587116951871,"psnp"
"BLINK_cvars","2_22058","VU06",1075171,3.11056012266793e-07,6.50716139995045,NA,34402341,266935354,233608184,"sig","2_22058",6.50716139995045,"psnp"
"BLINK_cvars","2_07358","VU06",32476947,9.57811938696154e-10,9.01871975397377,NA,34402341,266935354,265009960,"sig","2_07358",9.01871975397377,"psnp"
"BLINK_cvars","2_03097","VU08",37187867,6.52030226254381e-09,8.18573227115272,NA,38287481,346064295,344964681,"sig","2_03097",8.18573227115272,"psnp"
"BLINK_field","2_47231","VU02",14292146,6.03177826432931e-07,6.21955463205012,NA,33875943,75917273,56333476,"sig","2_47231",6.21955463205012,"psnp"
"BLINK_field","2_39141","VU03",52077462,1.37658951091681e-08,7.86119554392678,NA,65242470,141159743,127994735,"sig","2_39141",7.86119554392678,"psnp"
"BLINK_field","2_51069","VU05",37571053,2.38004200108211e-17,16.6234153787934,NA,48686841,232533013,221417225,"sig","2_51069",16.6234153787934,"psnp"
"BLINK_field","2_04574","VU09",31438727,2.47996919957576e-07,6.60555371293885,NA,43850276,389914571,377503022,"sig","2_04574",6.60555371293885,"psnp"
"BLINK_field","2_24784","VU10",34158765,6.60424433840452e-12,11.1801768674417,NA,41314586,431229157,424073336,"sig","2_24784",11.1801768674417,"psnp"
"BLINK_gh","2_50600","VU03",45539798,1.1420622482236e-09,8.94231022417839,NA,65242470,141159743,121457071,"sig","2_50600",8.94231022417839,"psnp"
"BLINK_gh","2_05101","VU03",51419219,2.22270923984339e-08,7.65311734512399,NA,65242470,141159743,127336492,"sig","2_05101",7.65311734512399,"psnp"
"BLINK_gh","2_29499","VU03",52931236,7.19631406786488e-07,6.1428898910513,NA,65242470,141159743,128848509,"sig","2_29499",6.1428898910513,"psnp"
"BLINK_gh","2_33568","VU03",55716927,4.95332679373175e-08,7.30510301866955,NA,65242470,141159743,131634200,"sig","2_33568",7.30510301866955,"psnp"
"BLINK_gh","2_23051","VU03",59879829,7.94525284900904e-07,6.09989227728831,NA,65242470,141159743,135797102,"sig","2_23051",6.09989227728831,"psnp"
"BLINK_gh","2_14347","VU04",3483218,1.08393602852106e-13,12.9649963481298,NA,42686429,183846172,144642961,"sig","2_14347",12.9649963481298,"psnp"
"BLINK_gh","2_53399","VU06",22864271,3.29038401049311e-07,6.48275341393271,NA,34402341,266935354,255397284,"sig","2_53399",6.48275341393271,"psnp"
"BLINK_gh","2_50483","VU08",23709814,6.04746076784169e-07,6.21842694038901,NA,38287481,346064295,331486628,"sig","2_50483",6.21842694038901,"psnp"
"BLINK_gh","2_26903","VU08",33600788,6.73690152453701e-09,8.17153980082348,NA,38287481,346064295,341377602,"sig","2_26903",8.17153980082348,"psnp"
"BLINK_gh","2_03096","VU08",37188634,3.36529046865476e-09,8.47297744451887,NA,38287481,346064295,344965448,"sig","2_03096",8.47297744451887,"psnp"
"BLINK_gh","2_41504","VU10",23559066,3.22121747771101e-08,7.49197995317428,NA,41314586,431229157,413473637,"sig","2_41504",7.49197995317428,"psnp"
"BLINK_width","2_14781","VU03",981635,5.02904043245945e-07,6.29851487272597,NA,65242470,141159743,76898908,"sig","2_14781",6.29851487272597,"psnp"
"BLINK_width","2_08497","VU03",51450779,4.75122388114963e-08,7.32319450482452,NA,65242470,141159743,127368052,"sig","2_08497",7.32319450482452,"psnp"
"BLINK_width","2_29499","VU03",52931236,1.0089543097515e-13,12.9961285002369,NA,65242470,141159743,128848509,"sig","2_29499",12.9961285002369,"psnp"
"BLINK_width","2_07358","VU06",32476947,1.25317003975839e-15,14.9019899965889,NA,34402341,266935354,265009960,"sig","2_07358",14.9019899965889,"psnp"
"BLINK_width","2_11187","VU07",36036293,2.2717034073338e-07,6.64364837056953,NA,40841460,307776814,302971647,"sig","2_11187",6.64364837056953,"psnp"
"BLINK_width","2_54557","VU08",5760863,7.04431162805902e-10,9.15216143984945,NA,38287481,346064295,313537677,"sig","2_54557",9.15216143984945,"psnp"
"BLINK_width","2_35068","VU08",20713021,1.37561661836148e-07,6.86150258625283,NA,38287481,346064295,328489835,"sig","2_35068",6.86150258625283,"psnp"
"BLINK_width","2_50483","VU08",23709814,9.49285556718392e-11,10.0226031268219,NA,38287481,346064295,331486628,"sig","2_50483",10.0226031268219,"psnp"
"BLINK_width","2_27144","VU08",36984438,3.60774746941875e-10,9.44276386926652,NA,38287481,346064295,344761252,"sig","2_27144",9.44276386926652,"psnp"
"BLINK_width","2_02244","VU08",37626075,5.25576263227542e-08,7.27936425718892,NA,38287481,346064295,345402889,"sig","2_02244",7.27936425718892,"psnp"
"BLINK_width","2_02628","VU09",8735356,5.72754612658879e-09,8.24203140454934,NA,43850276,389914571,354799651,"sig","2_02628",8.24203140454934,"psnp"
"BLINK_width","2_52225","VU10",30209807,1.22695964883152e-07,6.91116971973263,NA,41314586,431229157,420124378,"sig","2_52225",6.91116971973263,"psnp"
"BLINK_width","2_17801","VU10",33240385,5.50609447024176e-12,11.2591563415165,NA,41314586,431229157,423154956,"sig","2_17801",11.2591563415165,"psnp"
"BLINK_width","2_50954","VU11",38665126,3.10849395911859e-11,10.5074499722797,NA,41637204,472866361,469894283,"sig","2_50954",10.5074499722797,"psnp"
"BLINK_width","1_1347","VU11",39619018,5.8692995846415e-07,6.23141372237668,NA,41637204,472866361,470848175,"sig","1_1347",6.23141372237668,"psnp"
"BLINK_meta","2_19762","VU01",37588701,3.30407667882334e-07,6.48094988241599,NA,42041330,42041330,37588701,"sig","2_19762",6.48094988241599,"psnp"
"BLINK_meta","2_50704","VU01",38345036,4.02920075458705e-07,6.39478109338668,NA,42041330,42041330,38345036,"sig","2_50704",6.39478109338668,"psnp"
"BLINK_meta","2_47231","VU02",14292146,5.97839924910206e-09,8.22341508530007,NA,33875943,75917273,56333476,"sig","2_47231",8.22341508530007,"psnp"
"BLINK_meta","2_52190","VU03",16981309,4.96286694393899e-07,6.30426736822152,NA,65242470,141159743,92898582,"sig","2_52190",6.30426736822152,"psnp"
"BLINK_meta","2_50600","VU03",45539798,3.39931054374407e-08,7.46860915866676,NA,65242470,141159743,121457071,"sig","2_50600",7.46860915866676,"psnp"
"BLINK_meta","2_05101","VU03",51419219,1.37675656449144e-15,14.861142844089,NA,65242470,141159743,127336492,"sig","2_05101",14.861142844089,"psnp"
"BLINK_meta","2_39141","VU03",52077462,2.90558566095458e-10,9.53676631639403,NA,65242470,141159743,127994735,"sig","2_39141",9.53676631639403,"psnp"
"BLINK_meta","2_29499","VU03",52931236,4.26637521034949e-08,7.36994095277345,NA,65242470,141159743,128848509,"sig","2_29499",7.36994095277345,"psnp"
"BLINK_meta","2_33568","VU03",55716927,1.20279140281979e-08,7.9198096847628,NA,65242470,141159743,131634200,"sig","2_33568",7.9198096847628,"psnp"
"BLINK_meta","2_23051","VU03",59879829,2.70697816351248e-07,6.56751524755579,NA,65242470,141159743,135797102,"sig","2_23051",6.56751524755579,"psnp"
"BLINK_meta","2_14347","VU04",3483218,2.99160718460996e-15,14.5240954324506,NA,42686429,183846172,144642961,"sig","2_14347",14.5240954324506,"psnp"
"BLINK_meta","2_02621","VU04",15619363,3.67532816825941e-07,6.434703876906,NA,42686429,183846172,156779106,"sig","2_02621",6.434703876906,"psnp"
"BLINK_meta","2_08777","VU05",4353210,2.41283133292536e-07,6.61747303604398,NA,48686841,232533013,188199382,"sig","2_08777",6.61747303604398,"psnp"
"BLINK_meta","2_41898","VU05",8531536,7.26133940459327e-07,6.13898326327075,NA,48686841,232533013,192377708,"sig","2_41898",6.13898326327075,"psnp"
"BLINK_meta","2_51069","VU05",37571053,0,15.6536470255494,NA,48686841,232533013,221417225,"sig","2_51069",15.6536470255494,"psnp"
"BLINK_meta","2_22058","VU06",1075171,3.023034575576e-09,8.51955688560551,NA,34402341,266935354,233608184,"sig","2_22058",8.51955688560551,"psnp"
"BLINK_meta","2_07358","VU06",32476947,1.0697770132322e-14,13.9707067382167,NA,34402341,266935354,265009960,"sig","2_07358",13.9707067382167,"psnp"
"BLINK_meta","2_50483","VU08",23709814,6.8055401889734e-10,9.16713739701768,NA,38287481,346064295,331486628,"sig","2_50483",9.16713739701768,"psnp"
"BLINK_meta","2_47320","VU08",32552059,9.47586551604885e-08,7.02338111152592,NA,38287481,346064295,340328873,"sig","2_47320",7.02338111152592,"psnp"
"BLINK_meta","2_26903","VU08",33600788,2.95947055646512e-09,8.52878597643156,NA,38287481,346064295,341377602,"sig","2_26903",8.52878597643156,"psnp"
"BLINK_meta","2_03096","VU08",37188634,5.40689621659178e-08,7.26705196646915,NA,38287481,346064295,344965448,"sig","2_03097",7.26705196646915,"psnp"
"BLINK_meta","2_04574","VU09",31438727,5.57900788518553e-07,6.25344302477172,NA,43850276,389914571,377503022,"sig","2_04574",6.25344302477172,"psnp"
"BLINK_meta","2_41504","VU10",23559066,2.41711703762574e-09,8.6167023203973,NA,41314586,431229157,413473637,"sig","2_41504",8.6167023203973,"psnp"
"BLINK_meta","2_24784","VU10",34158765,1.45832130913045e-11,10.8361467782069,NA,41314586,431229157,424073336,"sig","2_24784",10.8361467782069,"psnp"
"BLINK_meta","2_21957","VU10",35971966,4.46643134155842e-07,6.35003933764327,NA,41314586,431229157,425886537,"sig","2_21957",6.35003933764327,"psnp"
"MLM_density","2_09625","VU02",20857395,4.7138e-14,13.3266288479337,NA,33875943,75917273,62898725,"sig","2_09625",13.3266288479337,"psnp"
"MLM_density","2_27144","VU08",36984438,6.4405e-10,9.19108041543339,NA,38287481,346064295,344761252,"sig","2_27144",9.19108041543339,"psnp"
"MLM_density","2_41753","VU11",24148832,3.5987e-20,19.4438543561187,NA,41637204,472866361,455377989,"sig","2_41753",19.4438543561187,"psnp"
"MLM_cvars","2_34525","VU03",849111,4.3099e-07,6.36553280639426,NA,65242470,141159743,76766384,"sig","2_34525",6.36553280639426,"psnp"
"MLM_cvars","2_16817","VU03",1232474,1.2874e-07,6.89028649520705,NA,65242470,141159743,77149747,"sig","2_49366",6.89028649520705,"psnp"
"MLM_cvars","2_32612","VU03",1947673,6.3846e-08,7.19486630642475,NA,65242470,141159743,77864946,"sig","2_32611",7.19486630642475,"psnp"
"MLM_cvars","2_26016","VU03",2223359,1.0658e-09,8.97232428409511,NA,65242470,141159743,78140632,"sig","2_26016",8.97232428409511,"psnp"
"MLM_cvars","2_25894","VU04",39757606,6.0535e-07,6.21799345325202,NA,42686429,183846172,180917349,"sig","2_25894",6.21799345325202,"psnp"
"MLM_cvars","2_50956","VU05",1457971,7.4045e-07,6.1305042625408,NA,48686841,232533013,185304143,"sig","2_50956",6.1305042625408,"psnp"
"MLM_cvars","2_07617","VU05",1783613,5.7935e-07,6.23705898869922,NA,48686841,232533013,185629785,"sig","2_15609",6.23705898869922,"psnp"
"MLM_cvars","2_40217","VU05",2129217,1.9579e-07,6.70820949361422,NA,48686841,232533013,185975389,"sig","2_40217",6.70820949361422,"psnp"
"MLM_cvars","2_18880","VU05",2762539,3.3064e-07,6.48064460772635,NA,48686841,232533013,186608711,"sig","2_10297",6.48064460772635,"psnp"
"MLM_cvars","2_07078","VU06",19698161,1.2408e-07,6.90629821519445,NA,34402341,266935354,252231174,"sig","2_40382",6.90629821519445,"psnp"
"MLM_cvars","2_50509","VU10",29351777,3.5747e-07,6.4467603996843,NA,41314586,431229157,419266348,"sig","2_52107",6.4467603996843,"psnp"
"MLM_cvars","2_32743","VU11",38555786,6.1867e-07,6.20854094289441,NA,41637204,472866361,469784943,"sig","2_32743",6.20854094289441,"psnp"
"MLM_cvars","2_31363","VU11",38832150,5.3774e-07,6.26942765715659,NA,41637204,472866361,470061307,"sig","2_31363",6.26942765715659,"psnp"
"MLM_cvars","2_04348","VU11",39683268,5.2978e-07,6.27590444100592,NA,41637204,472866361,470912425,"sig","2_04348",6.27590444100592,"psnp"
"MLM_cvars","2_28512","VU12",433000,7.4858e-07,6.12576178022142,NA,1091000,473957361,473299361,"sig","2_28512",6.12576178022142,"psnp"
"MLM_cvars","2_48486","VU12",927000,2.2223e-07,6.65319731373448,NA,1091000,473957361,473793361,"sig","2_48486",6.65319731373448,"psnp"
"MLM_gh","2_34525","VU03",849111,7.2221e-07,6.14133650245758,NA,65242470,141159743,76766384,"sig","2_34525",6.14133650245758,"psnp"
"MLM_gh","2_26016","VU03",2223359,1.9362e-08,7.71304978421245,NA,65242470,141159743,78140632,"sig","2_26016",7.71304978421245,"psnp"
"MLM_gh","2_07078","VU06",19698161,1.5766e-07,6.80227847777314,NA,34402341,266935354,252231174,"sig","2_07078",6.80227847777314,"psnp"
"MLM_gh","2_28551","VU11",38568662,8.3886e-07,6.07631051390412,NA,41637204,472866361,469797819,"sig","2_28551",6.07631051390412,"psnp"
"MLM_gh","2_20619","VU11",39703971,9.6865e-07,6.01383311719775,NA,41637204,472866361,470933128,"sig","2_20619",6.01383311719775,"psnp"
"MLM_meta","2_34525","VU03",849111,1.61002912153984e-13,12.7931662685584,NA,65242470,141159743,76766384,"sig","2_34525",12.7931662685584,"psnp"
"MLM_meta","2_16817","VU03",1232474,7.61993518518895e-13,12.1180487227332,NA,65242470,141159743,77149747,"sig","2_49366",12.1180487227332,"psnp"
"MLM_meta","2_32612","VU03",1947673,8.48594843808131e-13,12.071299611401,NA,65242470,141159743,77864946,"sig","2_32611",12.071299611401,"psnp"
"MLM_meta","2_26016","VU03",2223359,5.53010524483957e-19,18.2572666034479,NA,65242470,141159743,78140632,"sig","2_26016",18.2572666034479,"psnp"
"MLM_meta","2_40922","VU03",51562014,1.4690819793094e-10,9.8329539685608,NA,65242470,141159743,127479287,"sig","2_40922",9.8329539685608,"psnp"
"MLM_meta","2_17188","VU03",52083646,2.14103632404642e-09,8.66937596456025,NA,65242470,141159743,128000919,"sig","2_39141",8.66937596456025,"psnp"
"MLM_meta","2_25894","VU04",39757606,2.99386149872315e-11,10.5237682947517,NA,42686429,183846172,180917349,"sig","2_25894",10.5237682947517,"psnp"
"MLM_meta","2_42023","VU05",1305585,5.72601236936961e-13,12.2421477181476,NA,48686841,232533013,185151757,"sig","2_42023",12.2421477181476,"psnp"
"MLM_meta","2_07617","VU05",1783613,5.59872436505569e-12,11.2519109130519,NA,48686841,232533013,185629785,"sig","2_15609",11.2519109130519,"psnp"
"MLM_meta","2_32464","VU05",2102658,4.01825370717285e-10,9.39596264594847,NA,48686841,232533013,185948830,"sig","2_32464",9.39596264594847,"psnp"
"MLM_meta","2_18880","VU05",2762539,8.4458953468889e-11,10.0733543042218,NA,48686841,232533013,186608711,"sig","2_10297",10.0733543042218,"psnp"
"MLM_meta","2_40348","VU05",3192252,9.90107400452508e-11,10.0043176933883,NA,48686841,232533013,187038424,"sig","2_40348",10.0043176933883,"psnp"
"MLM_meta","2_08022","VU05",39230104,1.87167617012285e-07,6.72776928898161,NA,48686841,232533013,223076276,"sig","2_08022",6.72776928898161,"psnp"
"MLM_meta","2_28657","VU05",40216891,5.70731025734218e-07,6.24356851795582,NA,48686841,232533013,224063063,"sig","2_28657",6.24356851795582,"psnp"
"MLM_meta","2_07078","VU06",19698161,9.89825456141058e-16,15.0044413812791,NA,34402341,266935354,252231174,"sig","2_40382",15.0044413812791,"psnp"
"MLM_meta","2_07358","VU06",32476947,1.05665944539311e-08,7.97606496048611,NA,34402341,266935354,265009960,"sig","2_07358",7.97606496048611,"psnp"
"MLM_meta","2_50483","VU08",23709814,2.27096963005053e-09,8.64378867361367,NA,38287481,346064295,331486628,"sig","2_50483",8.64378867361367,"psnp"
"MLM_meta","2_17605","VU08",37710852,3.90897311618673e-07,6.40793731640119,NA,38287481,346064295,345487666,"sig","2_17605",6.40793731640119,"psnp"
"MLM_meta","2_50509","VU10",29351777,1.47971290662346e-11,10.8298225380942,NA,41314586,431229157,419266348,"sig","2_52107",10.8298225380942,"psnp"
"MLM_meta","2_08400","VU10",35932948,1.75321037279133e-07,6.75616596852646,NA,41314586,431229157,425847519,"sig","2_08400",6.75616596852646,"psnp"
"MLM_meta","2_28551","VU11",38568662,1.76505279003992e-13,12.7532423009956,NA,41637204,472866361,469797819,"sig","2_28551",12.7532423009956,"psnp"
"MLM_meta","2_20619","VU11",39703971,2.4920344386026e-13,12.6034459602505,NA,41637204,472866361,470933128,"sig","2_20619",12.6034459602505,"psnp"
"MLM_meta","2_28512","VU12",433000,3.37456045257442e-11,10.4717827874117,NA,1091000,473957361,473299361,"sig","2_28512",10.4717827874117,"psnp"
"MLM_meta","2_48486","VU12",927000,1.16150184177098e-12,11.9349800972108,NA,1091000,473957361,473793361,"sig","2_48486",11.9349800972108,"psnp"
